[
  {
    "name": "Felix",
    "title": "Felix",
    "owner": "adopt-a-pet-foundation",
    "image": "https://www.sierravistaaz.gov/wp-content/uploads/2020/10/Black-cat-1175550351-1024x536.jpg"
  },
  {
    "name": "Max",
    "title": "Max",
    "owner": "adopt-a-pet-foundation",
    "image": "https://www.irvinecompanyapartments.com/rental-living/wp-content/uploads/2021/02/header-image-dog.jpg"
  },
  {
    "name": "Mango",
    "title": "Mango",
    "owner": "adopt-a-pet-foundation",
    "image": "https://dogtime.com/assets/uploads/2011/03/puppy-development.jpg"
  },
  {
    "name": "Gus",
    "title": "Gus",
    "owner": "adopt-a-pet-foundation",
    "image": "https://i.pinimg.com/736x/3c/81/82/3c8182fc9662c091211b4f23cc230ec0.jpg"
  },
  {
    "name": "Oliver",
    "title": "Oliver",
    "owner": "adopt-a-pet-foundation",
    "image": "https://static.vets-now.com/uploads/2017/01/Common-emergencies-in-kittens-Vets-Now.jpg"
  },
  {
    "name": "Bruno",
    "title": "Bruno",
    "owner": "adopt-a-pet-foundation",
    "image": "https://www.petmd.com/sites/default/files/styles/article_image/public/puppy-laying-down-outside.jpg?itok=ClNNCi52"
  },
  {
    "name": "Chloe",
    "title": "Chloe",
    "owner": "adopt-a-pet-foundation",
    "image": "https://www.lomsnesvet.ca/wp-content/uploads/sites/21/2019/08/Kitten-Blog-683x1024.jpg"
  },
  {
    "name": "Snowball",
    "title": "Snowball",
    "owner": "adopt-a-pet-foundation",
    "image": "http://cdn.akc.org/content/article-body-image/great_pyr_puppy_dog_pictures_.jpg"
  }
]
